--使用命令插入数据
use DataBaseEG_18373579

INSERT INTO STUDENT (SNO,SNAME,SSEX,SBIRTHDAY,CLASS) VALUES (108,'曾华','男',1997-09-01,120221);
INSERT INTO STUDENT (SNO,SNAME,SSEX,SBIRTHDAY,CLASS) VALUES (105,'赵明','男',1997-10-02,120224);
INSERT INTO STUDENT (SNO,SNAME,SSEX,SBIRTHDAY,CLASS) VALUES (107,'刘畅','女',1998-01-23,120221);
INSERT INTO STUDENT (SNO,SNAME,SSEX,SBIRTHDAY,CLASS) VALUES (101,'刘凯男','男',1998-02-20,120224);
INSERT INTO STUDENT (SNO,SNAME,SSEX,SBIRTHDAY,CLASS) VALUES (109,'王芳','女',1996-02-10,120227);
INSERT INTO STUDENT (SNO,SNAME,SSEX,SBIRTHDAY,CLASS) VALUES (103,'陆兴君','男',1997-06-03,120227);
INSERT INTO STUDENT (SNO,SNAME,SSEX,SBIRTHDAY,CLASS) VALUES (123,'祖旭波','男',2000-07-23,180225);
GO
INSERT INTO COURSE(CNO,CNAME)VALUES ('3-105','信号与系统');
INSERT INTO COURSE(CNO,CNAME)VALUES ('3-245','计算机软件技术基础');
INSERT INTO COURSE(CNO,CNAME)VALUES ('6-166','电磁场');
INSERT INTO COURSE(CNO,CNAME)VALUES ('9-888','算法与数据结构');
GO
INSERT INTO SCORE(SNO,CNO,DEGREE)VALUES (103,'3-245',86);
INSERT INTO SCORE(SNO,CNO,DEGREE)VALUES (105,'3-245',75);
INSERT INTO SCORE(SNO,CNO,DEGREE)VALUES (109,'3-245',68);
INSERT INTO SCORE(SNO,CNO,DEGREE)VALUES (103,'3-105',92);
INSERT INTO SCORE(SNO,CNO,DEGREE)VALUES (105,'3-105',88);
INSERT INTO SCORE(SNO,CNO,DEGREE)VALUES (109,'3-105',76);
INSERT INTO SCORE(SNO,CNO,DEGREE)VALUES (101,'3-105',64);
INSERT INTO SCORE(SNO,CNO,DEGREE)VALUES (107,'3-105',91);
INSERT INTO SCORE(SNO,CNO,DEGREE)VALUES (108,'3-105',78);
INSERT INTO SCORE(SNO,CNO,DEGREE)VALUES (101,'6-166',85);
INSERT INTO SCORE(SNO,CNO,DEGREE)VALUES (107,'6-166',79);
INSERT INTO SCORE(SNO,CNO,DEGREE)VALUES (108,'6-166',81);